{
  "upright_ratio": -0.5019802858468622,
  "lookdown_ratio": -0.3991859930209683,
  "slouch_ratio": -0.34054226632838974,
  "upright_angle": 180.0,
  "lookdown_angle": 180.0,
  "slouch_angle": 180.0
}